-- Seed data for development/testing
-- 가격 단위: 만원

-- ============================================================
-- Users
-- ============================================================
INSERT INTO users (id, name, email, phone, role) VALUES
  ('a0000000-0000-0000-0000-000000000001', '김대표', 'kim@estate.kr', '010-1234-5678', 'manager'),
  ('a0000000-0000-0000-0000-000000000002', '이실장', 'lee@estate.kr', '010-2345-6789', 'user'),
  ('a0000000-0000-0000-0000-000000000003', '박과장', 'park@estate.kr', '010-3456-7890', 'user');

-- ============================================================
-- Buildings
-- ============================================================
INSERT INTO buildings (id, type, name, city, district, dong, address, total_units, built_year) VALUES
  ('b0000000-0000-0000-0000-000000000001', 'apartment', '고덕그라시움', '서울시', '강동구', '고덕동', '서울시 강동구 고덕동 300', 4928, 2019),
  ('b0000000-0000-0000-0000-000000000002', 'apartment', '래미안솔베뉴', '서울시', '강동구', '상일동', '서울시 강동구 상일동 200', 3500, 2024),
  ('b0000000-0000-0000-0000-000000000003', 'officetel', '강동역 이스트센트럴', '서울시', '강동구', '성내동', '서울시 강동구 성내동 50', 300, 2022),
  ('b0000000-0000-0000-0000-000000000004', 'apartment', '고덕아르테온', '서울시', '강동구', '고덕동', '서울시 강동구 고덕동 350', 2000, 2021);

-- ============================================================
-- Dongs
-- ============================================================
INSERT INTO dongs (id, building_id, name) VALUES
  ('d0000000-0000-0000-0000-000000000001', 'b0000000-0000-0000-0000-000000000001', '101동'),
  ('d0000000-0000-0000-0000-000000000002', 'b0000000-0000-0000-0000-000000000001', '102동'),
  ('d0000000-0000-0000-0000-000000000003', 'b0000000-0000-0000-0000-000000000001', '103동'),
  ('d0000000-0000-0000-0000-000000000004', 'b0000000-0000-0000-0000-000000000001', '104동'),
  ('d0000000-0000-0000-0000-000000000005', 'b0000000-0000-0000-0000-000000000002', '101동'),
  ('d0000000-0000-0000-0000-000000000006', 'b0000000-0000-0000-0000-000000000002', '102동'),
  ('d0000000-0000-0000-0000-000000000007', 'b0000000-0000-0000-0000-000000000004', '101동');

-- ============================================================
-- Units
-- ============================================================
INSERT INTO units (id, building_id, dong_id, name, area) VALUES
  ('u0000000-0000-0000-0000-000000000001', 'b0000000-0000-0000-0000-000000000001', 'd0000000-0000-0000-0000-000000000001', '1502호', 34),
  ('u0000000-0000-0000-0000-000000000002', 'b0000000-0000-0000-0000-000000000001', 'd0000000-0000-0000-0000-000000000002', '801호', 25),
  ('u0000000-0000-0000-0000-000000000003', 'b0000000-0000-0000-0000-000000000001', 'd0000000-0000-0000-0000-000000000003', '2003호', 42),
  ('u0000000-0000-0000-0000-000000000004', 'b0000000-0000-0000-0000-000000000002', 'd0000000-0000-0000-0000-000000000005', '1201호', 34),
  ('u0000000-0000-0000-0000-000000000005', 'b0000000-0000-0000-0000-000000000003', null, '501호', 12),
  ('u0000000-0000-0000-0000-000000000006', 'b0000000-0000-0000-0000-000000000004', 'd0000000-0000-0000-0000-000000000007', '903호', 34),
  ('u0000000-0000-0000-0000-000000000007', 'b0000000-0000-0000-0000-000000000001', 'd0000000-0000-0000-0000-000000000004', '1102호', 34);

-- ============================================================
-- Contacts
-- ============================================================
INSERT INTO contacts (id, name, phone, phone2, notes, tags) VALUES
  ('c0000000-0000-0000-0000-000000000001', '최소유', '010-1111-2222', null, '고덕그라시움 101동 1502호 소유주', '{"소유주","고덕"}'),
  ('c0000000-0000-0000-0000-000000000002', '정소유', '010-2222-3333', '010-2222-4444', '고덕그라시움 102동 801호 소유주, 해외 거주', '{"소유주","고덕","해외"}'),
  ('c0000000-0000-0000-0000-000000000003', '한소유', '010-3333-4444', null, '고덕그라시움 103동 2003호 소유주', '{"소유주","고덕"}'),
  ('c0000000-0000-0000-0000-000000000004', '강매수', '010-4444-5555', null, '고덕 34평 매매 희망', '{"매수","고덕","34평"}'),
  ('c0000000-0000-0000-0000-000000000005', '윤매수', '010-5555-6666', null, '강동구 전세 희망, 학군 중시', '{"매수","전세","학군"}'),
  ('c0000000-0000-0000-0000-000000000006', '박소유', '010-6666-7777', null, '래미안솔베뉴 소유주', '{"소유주","래미안"}'),
  ('c0000000-0000-0000-0000-000000000007', '김세입', '010-7777-8888', null, '오피스텔 임차인', '{"임차인"}');

-- ============================================================
-- Ownerships
-- ============================================================
INSERT INTO ownerships (id, contact_id, unit_id, status, is_resident) VALUES
  ('o0000000-0000-0000-0000-000000000001', 'c0000000-0000-0000-0000-000000000001', 'u0000000-0000-0000-0000-000000000001', 'active', true),
  ('o0000000-0000-0000-0000-000000000002', 'c0000000-0000-0000-0000-000000000002', 'u0000000-0000-0000-0000-000000000002', 'active', false),
  ('o0000000-0000-0000-0000-000000000003', 'c0000000-0000-0000-0000-000000000003', 'u0000000-0000-0000-0000-000000000003', 'active', true),
  ('o0000000-0000-0000-0000-000000000004', 'c0000000-0000-0000-0000-000000000006', 'u0000000-0000-0000-0000-000000000004', 'active', false);

-- ============================================================
-- Properties (내부 매물장)
-- ============================================================
INSERT INTO properties (
  id, unit_id, type, transaction_type, status,
  unit_type, area, supply_area, floor, total_floors, direction,
  price, monthly_rent, initial_price,
  owner_name, owner_phone, owner_id,
  has_tenant, tenant_deposit, tenant_rent, tenant_lease_end,
  move_in_date, move_in_type,
  assigned_to, memo, tags, check_status,
  ad_rank, ad_price, naver_article_no
) VALUES
  (
    'p0000000-0000-0000-0000-000000000001',
    'u0000000-0000-0000-0000-000000000001',
    'apartment', 'sale', 'available',
    '82A', 34, 46, 15, 35, '남향',
    158000, null, 160000,
    '최소유', '010-1111-2222', 'c0000000-0000-0000-0000-000000000001',
    false, null, null, null,
    '즉시', 'immediate',
    'a0000000-0000-0000-0000-000000000002',
    '남향 로열층, 뷰 좋음', '{"로열층","남향","급매"}',
    'verified',
    '5/47', 158000, 'ART000001'
  ),
  (
    'p0000000-0000-0000-0000-000000000002',
    'u0000000-0000-0000-0000-000000000002',
    'apartment', 'lease', 'available',
    '59B', 25, 33, 8, 35, '남동향',
    80000, null, 80000,
    '정소유', '010-2222-3333', 'c0000000-0000-0000-0000-000000000002',
    true, 30000, 50, '2026년 6월',
    '2026년 7월', 'date',
    'a0000000-0000-0000-0000-000000000002',
    '해외 거주 소유주, 세입자 거주중', '{"전세","세입자있음"}',
    'verified',
    null, null, null
  ),
  (
    'p0000000-0000-0000-0000-000000000003',
    'u0000000-0000-0000-0000-000000000003',
    'apartment', 'sale', 'in_progress',
    '100A', 42, 56, 20, 35, '남향',
    235000, null, 240000,
    '한소유', '010-3333-4444', 'c0000000-0000-0000-0000-000000000003',
    false, null, null, null,
    '협의', 'negotiable',
    'a0000000-0000-0000-0000-000000000003',
    '대형평수, 인테리어 올수리', '{"대형","올수리","거래중"}',
    'in_contract',
    '3/47', 233000, 'ART000002'
  ),
  (
    'p0000000-0000-0000-0000-000000000004',
    'u0000000-0000-0000-0000-000000000004',
    'apartment', 'sale', 'available',
    '84A', 34, 46, 12, 30, '남서향',
    175000, null, 175000,
    '박소유', '010-6666-7777', 'c0000000-0000-0000-0000-000000000006',
    false, null, null, null,
    '2026년 5월', 'date',
    'a0000000-0000-0000-0000-000000000002',
    '신축 래미안솔베뉴', '{"신축","래미안"}',
    'unverified',
    null, null, null
  ),
  (
    'p0000000-0000-0000-0000-000000000005',
    'u0000000-0000-0000-0000-000000000005',
    'officetel', 'monthly', 'available',
    null, 12, 15, 5, 20, '동향',
    5000, 80, 5000,
    '김오피', '010-8888-9999', null,
    false, null, null, null,
    '즉시', 'immediate',
    'a0000000-0000-0000-0000-000000000003',
    '역세권 오피스텔', '{"오피스텔","역세권","월세"}',
    'verified',
    null, null, null
  );

-- ============================================================
-- Buyer Requirements
-- ============================================================
INSERT INTO buyer_requirements (
  id, contact_id, transaction_type,
  areas, property_types, budget_min, budget_max,
  area_min, area_max, preferences,
  must_conditions, prefer_conditions,
  urgency, status, assigned_to, memo
) VALUES
  (
    'br000000-0000-0000-0000-000000000001',
    'c0000000-0000-0000-0000-000000000004',
    'sale',
    '{"고덕그라시움","고덕아르테온"}', '{"apartment"}',
    140000, 170000,
    30, 36,
    '남향 선호, 로열층 15층 이상',
    '{"남향","로열층"}', '{"역세권","학군"}',
    'urgent', 'active',
    'a0000000-0000-0000-0000-000000000002',
    '3월까지 입주 희망, 자금 준비 완료'
  ),
  (
    'br000000-0000-0000-0000-000000000002',
    'c0000000-0000-0000-0000-000000000005',
    'lease',
    '{"강동구"}', '{"apartment"}',
    60000, 90000,
    25, 34,
    '학군 좋은 곳, 역세권',
    '{"학군"}', '{"역세권","신축"}',
    'normal', 'active',
    'a0000000-0000-0000-0000-000000000002',
    '초등학교 학군 중시'
  );

-- ============================================================
-- Consultations
-- ============================================================
INSERT INTO consultations (
  id, contact_id, property_id, type, date, content, result,
  desired_price, created_by
) VALUES
  (
    'cs000000-0000-0000-0000-000000000001',
    'c0000000-0000-0000-0000-000000000001',
    'p0000000-0000-0000-0000-000000000001',
    'call', now() - interval '3 days',
    '가격 조정 의향 확인. 현재 15.8억에서 15.5억까지 협상 가능하다고 함.',
    'price_inquiry',
    155000,
    'a0000000-0000-0000-0000-000000000002'
  ),
  (
    'cs000000-0000-0000-0000-000000000002',
    'c0000000-0000-0000-0000-000000000004',
    null,
    'visit', now() - interval '1 day',
    '고덕그라시움 34평 매매 상담. 15억 중반대 예산, 남향 로열층 선호. 3월 입주 희망.',
    'interested',
    null,
    'a0000000-0000-0000-0000-000000000002'
  );

-- ============================================================
-- Tasks
-- ============================================================
INSERT INTO tasks (
  id, title, description, category, priority, status,
  assigned_to, assigned_by, due_date, property_id, source
) VALUES
  (
    't0000000-0000-0000-0000-000000000001',
    '고덕그라시움 101동 1502호 가격 확인',
    '소유주 최소유 연락하여 현재 가격 유지 여부 확인',
    'verify', 'high', 'pending',
    'a0000000-0000-0000-0000-000000000002',
    'a0000000-0000-0000-0000-000000000001',
    current_date + interval '1 day',
    'p0000000-0000-0000-0000-000000000001',
    'manual'
  ),
  (
    't0000000-0000-0000-0000-000000000002',
    '래미안솔베뉴 101동 1201호 정보 확인',
    '신규 매물 등록 후 정보 확인 필요. 소유주 연락처 확인 및 실방문 예정.',
    'verify', 'medium', 'pending',
    'a0000000-0000-0000-0000-000000000002',
    null,
    current_date + interval '3 days',
    'p0000000-0000-0000-0000-000000000004',
    'manual'
  ),
  (
    't0000000-0000-0000-0000-000000000003',
    '강매수 고객 매물 추천',
    '고덕 34평 매매 희망 고객에게 적합한 매물 추천. 고덕그라시움 101동 1502호 추천 검토.',
    'buyer', 'high', 'in_progress',
    'a0000000-0000-0000-0000-000000000002',
    'a0000000-0000-0000-0000-000000000002',
    current_date,
    null,
    'manual'
  );

-- ============================================================
-- External Feeds (네이버 크롤링 시트 데이터 샘플)
-- ============================================================
INSERT INTO external_feeds (
  id, ad_type, rep_article_no, article_no, realtor_id,
  status, dup_status, ad_status,
  transaction_type, complex, dong, ho, floor, unit_type,
  area_m2, supply_area, direction,
  price, check_status,
  features, sheet_name
) VALUES
  (
    'ef000000-0000-0000-0000-000000000001',
    '대표', null, 'NAV000001', 'R001',
    '기존', '기존', '광고중',
    '매매', '고덕그라시움', '101', '1502', '15/35', '82A',
    84.99, 46, '남향',
    158000, '확인',
    '올수리, 남향 로열층', '고덕그라시움_매매'
  ),
  (
    'ef000000-0000-0000-0000-000000000002',
    '대표', null, 'NAV000002', 'R002',
    '신규', '신규', '광고중',
    '매매', '고덕그라시움', '104', '1102', '11/35', '82C',
    84.93, 46, '남동향',
    152000, '미확인',
    '깔끔한 상태', '고덕그라시움_매매'
  ),
  (
    'ef000000-0000-0000-0000-000000000003',
    '중복', 'NAV000002', 'NAV000003', 'R003',
    '기존', '기존', '광고중',
    '매매', '고덕그라시움', '104', '1102', '11/35', '82C',
    84.93, 46, '남동향',
    153000, '미확인',
    null, '고덕그라시움_매매'
  );

-- ============================================================
-- Insights
-- ============================================================
INSERT INTO insights (
  id, type, status, article_no, feed_id,
  title, summary
) VALUES
  (
    'in000000-0000-0000-0000-000000000001',
    'new_listing', 'pending',
    'NAV000002', 'ef000000-0000-0000-0000-000000000002',
    '신규매물: 고덕그라시움 104동 1102호 82C 15.2억',
    '고덕그라시움 104동 1102호(82C타입) 매매 15.2억 신규 대표매물 발견'
  );

-- ============================================================
-- Insight Rules (기본 설정)
-- ============================================================
INSERT INTO insight_rules (user_id, insight_type, action, config) VALUES
  ('a0000000-0000-0000-0000-000000000002', 'new_listing', 'auto', null),
  ('a0000000-0000-0000-0000-000000000002', 'price_change', 'manual', null),
  ('a0000000-0000-0000-0000-000000000002', 'verify_expired', 'auto', '{"days": 6}'),
  ('a0000000-0000-0000-0000-000000000002', 'rank_change', 'off', null),
  ('a0000000-0000-0000-0000-000000000002', 'buyer_match', 'manual', null),
  ('a0000000-0000-0000-0000-000000000002', 'duplicate_suspect', 'manual', null);

-- ============================================================
-- Sync Logs
-- ============================================================
INSERT INTO sync_logs (sheet_id, sheet_name, rows_fetched, rows_new, rows_changed, status) VALUES
  ('SHEET_001', '고덕그라시움_매매', 47, 1, 2, 'success');
